<?xml version="1.0" encoding="UTF-8" standalone="no"?>
<celler>
<productes>
<producte codi="B1" preu="200">Vi blanc botella de 1 litre(s)</producte>
<producte codi="B2" preu="395">Vi blanc botella de 2 litre(s)</producte>
<producte codi="B3" preu="545">Vi blanc garrafa de 3 litre(s)</producte>
<producte codi="B5" preu="885">Vi blanc garrafa de 5 litre(s)</producte>
<producte codi="N1" preu="200">Vi negre botella de 1 litre(s)</producte>
<producte codi="N2" preu="395">Vi negre botella de 2 litre(s)</producte>
<producte codi="N3" preu="545">Vi negre garrafa de 3 litre(s)</producte>
<producte codi="N5" preu="885">Vi negre garrafa de 5 litre(s)</producte>
<producte codi="R1" preu="200">Vi rosat botella de 1 litre(s)</producte>
<producte codi="R2" preu="395">Vi rosat botella de 2 litre(s)</producte>
<producte codi="R3" preu="545">Vi rosat garrafa de 3 litre(s)</producte>
<producte codi="R5" preu="885">Vi rosat garrafa de 5 litre(s)</producte>
</productes>
<clients>
<client codi="C00001">
<nom>REY GALLEGO, VICTORIANO ALI</nom>
<telefon>762 047 568</telefon>
<telefon>850 476 646</telefon>
</client>
<client codi="C00002">
<nom>HEREDIA BELTRAN, MUSTAPHA</nom>
<telefon>687 211 518</telefon>
</client>
<client codi="C00003">
<nom>AVILA ESCUDERO, ALICIA ELISA</nom>
<telefon>770 749 421</telefon>
</client>
<client codi="C00004">
<nom>MORENO VALERO, AIDA LOLA</nom>
<telefon>765 687 138</telefon>
<telefon>724 783 974</telefon>
</client>
<client codi="C00005">
<nom>SIMON BERNAL, YAIZA FRANCISCA</nom>
<telefon>649 128 450</telefon>
<telefon>769 299 753</telefon>
</client>
<client codi="C00006">
<nom>FERRER CONTRERAS, JOSEFINA REMEDIOS</nom>
<telefon>659 711 694</telefon>
</client>
<client codi="C00007">
<nom>ROMERO MONTERO, JUANA BERTA</nom>
<telefon>699 621 533</telefon>
<telefon>920 291 835</telefon>
</client>
<client codi="C00008">
<nom>FRANCO SANZ, LUCAS ALEX</nom>
<telefon>775 342 874</telefon>
</client>
<client codi="C00009">
<nom>MESA CARRASCO, ROMAN</nom>
<telefon>741 410 004</telefon>
<telefon>612 341 890</telefon>
</client>
<client codi="C00010">
<nom>ESTEVEZ ALONSO, EMILIO JOSE</nom>
<telefon>620 143 553</telefon>
</client>
<client codi="C00011">
<nom>LUNA ESTEVEZ, ELIAS ORIOL</nom>
<telefon>656 379 013</telefon>
<telefon>637 430 544</telefon>
</client>
<client codi="C00012">
<nom>SANTIAGO DE, PERE CARLES</nom>
<telefon>767 571 839</telefon>
<telefon>684 554 363</telefon>
</client>
<client codi="C00013">
<nom>CANO LA, HELENA CELIA</nom>
<telefon>666 774 941</telefon>
<telefon>821 610 771</telefon>
</client>
<client codi="C00014">
<nom>RAMOS IZQUIERDO, HECTOR</nom>
<telefon>602 270 164</telefon>
<telefon>635 704 237</telefon>
</client>
<client codi="C00015">
<nom>HEREDIA SIMON, ERIK</nom>
<telefon>669 798 261</telefon>
<telefon>761 308 397</telefon>
</client>
<client codi="C00016">
<nom>HIDALGO MANZANO, ESTRELLA ANDREA</nom>
<telefon>668 208 044</telefon>
</client>
<client codi="C00017">
<nom>MARTI SAEZ, ASCENSION ABRIL</nom>
<telefon>748 466 232</telefon>
</client>
<client codi="C00018">
<nom>GIMENEZ CARRILLO, MERCEDES</nom>
<telefon>798 493 181</telefon>
</client>
<client codi="C00019">
<nom>HERRERO RUIZ, SAMUEL CHRISTIAN</nom>
<telefon>700 347 656</telefon>
</client>
<client codi="C00020">
<nom>ESCOBAR GOMEZ, RUBEN MARC</nom>
<telefon>731 667 257</telefon>
<telefon>998 661 920</telefon>
</client>
<client codi="C00021">
<nom>DIEZ CAMACHO, FATIMA NADIA</nom>
<telefon>775 831 373</telefon>
<telefon>899 684 829</telefon>
</client>
<client codi="C00022">
<nom>SIMON GARCIA, TATIANA ESPERANZA</nom>
<telefon>680 420 980</telefon>
<telefon>948 488 872</telefon>
</client>
<client codi="C00023">
<nom>CASTILLO ESTEBAN, JOANA CRISTINA</nom>
<telefon>795 849 603</telefon>
<telefon>644 806 395</telefon>
</client>
<client codi="C00024">
<nom>VERA, REMEDIOS MARTA</nom>
<telefon>755 761 661</telefon>
<telefon>746 281 828</telefon>
</client>
<client codi="C00025">
<nom>GALAN GUERRA, AINARA AINHOA</nom>
<telefon>780 797 446</telefon>
</client>
<client codi="C00026">
<nom>MATEOS MARTIN, CLARA VICTORIA</nom>
<telefon>781 415 181</telefon>
<telefon>710 979 697</telefon>
</client>
<client codi="C00027">
<nom>SOTO MANZANO, JACINTO BAUTISTA</nom>
<telefon>611 913 918</telefon>
</client>
<client codi="C00028">
<nom>DURAN CRESPO, SOFIA YOLANDA</nom>
<telefon>692 275 582</telefon>
</client>
<client codi="C00029">
<nom>CALDERON PEREIRA, ANTONIO ROMAN</nom>
<telefon>762 429 857</telefon>
<telefon>744 468 661</telefon>
</client>
<client codi="C00030">
<nom>VALERO MATEO, ANTONI</nom>
<telefon>730 450 442</telefon>
<telefon>728 102 928</telefon>
</client>
<client codi="C00031">
<nom>MIRANDA MARTINEZ, CLARA JUDITH</nom>
<telefon>669 220 650</telefon>
</client>
<client codi="C00032">
<nom>PASTOR GIMENEZ, NEREA</nom>
<telefon>679 860 006</telefon>
</client>
<client codi="C00033">
<nom>RIVERO RAMOS, JOSE TATIANA</nom>
<telefon>641 361 359</telefon>
<telefon>795 849 194</telefon>
</client>
<client codi="C00034">
<nom>CASTRO, ERNESTO LEONARDO</nom>
<telefon>608 035 791</telefon>
</client>
<client codi="C00035">
<nom>GUILLEN, PILAR TAMARA</nom>
<telefon>710 367 365</telefon>
<telefon>928 065 649</telefon>
</client>
<client codi="C00036">
<nom>ROMAN MORA, ISABEL IRENE</nom>
<telefon>739 054 379</telefon>
</client>
<client codi="C00037">
<nom>TOMAS CARRASCO, JULIA</nom>
<telefon>775 538 356</telefon>
<telefon>694 530 413</telefon>
</client>
<client codi="C00038">
<nom>RODRIGUEZ, INMACULADA</nom>
<telefon>705 301 022</telefon>
</client>
<client codi="C00039">
<nom>RIVERO BRAVO, DIEGO JAIRO</nom>
<telefon>748 807 617</telefon>
</client>
<client codi="C00040">
<nom>ARROYO TOMAS, GUILLEM JERONIMO</nom>
<telefon>684 635 908</telefon>
<telefon>687 214 056</telefon>
</client>
<client codi="C00041">
<nom>CORTES PARDO, ANTONIO MANUEL</nom>
<telefon>771 202 547</telefon>
</client>
<client codi="C00042">
<nom>PALACIOS CARMONA, JACINTO FERNANDO</nom>
<telefon>620 461 831</telefon>
<telefon>965 811 038</telefon>
</client>
<client codi="C00043">
<nom>PEÑA, LARA</nom>
<telefon>746 706 520</telefon>
</client>
<client codi="C00044">
<nom>ALARCON GIMENEZ, SOLEDAD ALMA</nom>
<telefon>747 715 127</telefon>
<telefon>878 392 275</telefon>
</client>
<client codi="C00045">
<nom>ACOSTA ESCOBAR, LOLA ENCARNACION</nom>
<telefon>767 070 049</telefon>
<telefon>973 059 484</telefon>
</client>
<client codi="C00046">
<nom>RICO LUNA, AMAIA REBECA</nom>
<telefon>751 337 837</telefon>
<telefon>756 954 543</telefon>
</client>
<client codi="C00047">
<nom>ARROYO LOZANO, ENRIQUE DAMIAN</nom>
<telefon>655 048 009</telefon>
</client>
<client codi="C00048">
<nom>ARANDA, LEONARDO GONZALO</nom>
<telefon>707 648 564</telefon>
<telefon>933 108 536</telefon>
</client>
<client codi="C00049">
<nom>AGUILERA CARMONA, FLORENCIO</nom>
<telefon>659 454 214</telefon>
</client>
<client codi="C00050">
<nom>GALVEZ MARTI, ALFREDO ALBERTO</nom>
<telefon>705 630 918</telefon>
<telefon>925 453 144</telefon>
</client>
<client codi="C00051">
<nom>RAMOS, NEREA</nom>
<telefon>692 674 937</telefon>
</client>
<client codi="C00052">
<nom>MORENO GRACIA, SOLEDAD RAFAELA</nom>
<telefon>637 382 323</telefon>
<telefon>789 555 817</telefon>
</client>
<client codi="C00053">
<nom>BENITEZ ALARCON, VICTORIANO ESTEBAN</nom>
<telefon>735 667 102</telefon>
</client>
<client codi="C00054">
<nom>GARRIDO GUILLEN, ANTONI ADOLFO</nom>
<telefon>759 283 780</telefon>
<telefon>854 485 989</telefon>
</client>
<client codi="C00055">
<nom>VARGAS NAVARRO, JOAQUINA GABRIELA</nom>
<telefon>771 951 263</telefon>
</client>
<client codi="C00056">
<nom>ARROYO FERNANDEZ, CARLOTA</nom>
<telefon>798 189 517</telefon>
</client>
<client codi="C00057">
<nom>BLANCO ACOSTA, GUADALUPE ROSALIA</nom>
<telefon>603 965 600</telefon>
<telefon>674 074 105</telefon>
</client>
<client codi="C00058">
<nom>BENITEZ HIDALGO, JOEL AGUSTIN</nom>
<telefon>603 781 001</telefon>
<telefon>734 986 839</telefon>
</client>
<client codi="C00059">
<nom>ESCUDERO ABAD, REBECA MIREIA</nom>
<telefon>699 761 954</telefon>
</client>
<client codi="C00060">
<nom>DE BERMUDEZ, JAIME CARLOS</nom>
<telefon>686 494 009</telefon>
<telefon>669 990 322</telefon>
</client>
<client codi="C00061">
<nom>VICENTE ALVAREZ, UNAI NICOLAS</nom>
<telefon>640 055 867</telefon>
<telefon>730 310 938</telefon>
</client>
<client codi="C00062">
<nom>ROMAN ZAMORA, JOAN SEBASTIAN</nom>
<telefon>626 356 857</telefon>
<telefon>699 214 709</telefon>
</client>
<client codi="C00063">
<nom>OTERO LAZARO, TAMARA VERA</nom>
<telefon>726 248 597</telefon>
<telefon>663 408 859</telefon>
</client>
<client codi="C00064">
<nom>PASCUAL GRACIA, ANDREA</nom>
<telefon>741 400 656</telefon>
</client>
<client codi="C00065">
<nom>BLANCO SANCHEZ, VIRGINIA</nom>
<telefon>669 185 392</telefon>
</client>
<client codi="C00066">
<nom>VICENTE NUÑEZ, MIRIAM GABRIELA</nom>
<telefon>692 948 512</telefon>
<telefon>903 240 146</telefon>
</client>
<client codi="C00067">
<nom>ROMAN ROJAS, FRANCISCO ANDER</nom>
<telefon>675 384 335</telefon>
<telefon>618 189 537</telefon>
</client>
<client codi="C00068">
<nom>DEL ESCOBAR, MAR</nom>
<telefon>779 510 521</telefon>
<telefon>760 505 798</telefon>
</client>
<client codi="C00069">
<nom>MIGUEL PLAZA, ENRIQUETA</nom>
<telefon>656 214 320</telefon>
</client>
<client codi="C00070">
<nom>NAVARRO ESPINOSA, MARINA ELISABET</nom>
<telefon>771 410 663</telefon>
<telefon>918 386 709</telefon>
</client>
<client codi="C00071">
<nom>TOMAS MUÑOZ, DIANA IRIS</nom>
<telefon>650 913 005</telefon>
</client>
<client codi="C00072">
<nom>CAMACHO ABAD, LIDIA MARTA</nom>
<telefon>733 008 077</telefon>
</client>
<client codi="C00073">
<nom>CRESPO PRIETO, DIONISIO MAXIMO</nom>
<telefon>757 155 840</telefon>
</client>
<client codi="C00074">
<nom>COSTA EXPOSITO, VALENTIN LLUIS</nom>
<telefon>649 238 104</telefon>
<telefon>617 235 068</telefon>
</client>
<client codi="C00075">
<nom>ABAD SILVA, RAMONA LUCIA</nom>
<telefon>632 181 463</telefon>
</client>
<client codi="C00076">
<nom>MORENO NAVARRO, NOA</nom>
<telefon>793 587 020</telefon>
</client>
<client codi="C00077">
<nom>TRUJILLO VARELA, JOSEP CHRISTIAN</nom>
<telefon>775 336 372</telefon>
</client>
<client codi="C00078">
<nom>MORALES, VICTORIANO FERRAN</nom>
<telefon>769 906 431</telefon>
</client>
<client codi="C00079">
<nom>RIO, SAUL</nom>
<telefon>667 272 837</telefon>
<telefon>808 648 074</telefon>
</client>
<client codi="C00080">
<nom>PEÑA REDONDO, DAMIAN MATIAS</nom>
<telefon>736 790 585</telefon>
<telefon>779 828 165</telefon>
</client>
<client codi="C00081">
<nom>BRAVO BERMUDEZ, SERAFIN EDGAR</nom>
<telefon>660 015 976</telefon>
<telefon>687 688 027</telefon>
</client>
<client codi="C00082">
<nom>GUERRERO FLORES, ARANZAZU ANDREA</nom>
<telefon>608 079 502</telefon>
</client>
<client codi="C00083">
<nom>GARRIDO PARDO, ADRIA PERE</nom>
<telefon>720 814 663</telefon>
</client>
<client codi="C00084">
<nom>HERRERO HURTADO, AGUSTINA MARGARITA</nom>
<telefon>653 721 083</telefon>
</client>
<client codi="C00085">
<nom>PEREIRA CALDERON, BENJAMIN EUGENIO</nom>
<telefon>666 506 713</telefon>
<telefon>970 053 343</telefon>
</client>
<client codi="C00086">
<nom>GUERRA GUZMAN, SAID ENEKO</nom>
<telefon>710 436 012</telefon>
<telefon>902 253 836</telefon>
</client>
<client codi="C00087">
<nom>RIO RIVERO, ABRIL ESTEFANIA</nom>
<telefon>742 949 258</telefon>
<telefon>878 655 003</telefon>
</client>
<client codi="C00088">
<nom>CARRASCO GALLARDO, SERGIO</nom>
<telefon>750 474 826</telefon>
</client>
<client codi="C00089">
<nom>MORALES ARIAS, ALICIA MARTINA</nom>
<telefon>788 209 842</telefon>
<telefon>807 088 493</telefon>
</client>
<client codi="C00090">
<nom>CASTAÑO LOPEZ, ALVARO GERARD</nom>
<telefon>722 960 629</telefon>
</client>
<client codi="C00091">
<nom>GALLARDO PACHECO, NIEVES JUANA</nom>
<telefon>706 320 446</telefon>
</client>
<client codi="C00092">
<nom>MATEO ESCUDERO, MATEO SEBASTIAN</nom>
<telefon>705 555 700</telefon>
</client>
<client codi="C00093">
<nom>MUÑOZ SOTO, NICOLAS GUILLERMO</nom>
<telefon>608 549 171</telefon>
</client>
<client codi="C00094">
<nom>RIOS, DARIO MOHAMMED</nom>
<telefon>765 865 572</telefon>
</client>
<client codi="C00095">
<nom>CASTAÑO FLORES, PURIFICACION AGUSTINA</nom>
<telefon>706 442 610</telefon>
</client>
<client codi="C00096">
<nom>MENDEZ BRAVO, EUGENIA VEGA</nom>
<telefon>710 143 100</telefon>
</client>
<client codi="C00097">
<nom>MARIN FUENTES, ALBA ALICIA</nom>
<telefon>732 820 473</telefon>
</client>
<client codi="C00098">
<nom>MARTINEZ ALARCON, ALEXANDER RUBEN</nom>
<telefon>708 982 297</telefon>
</client>
<client codi="C00099">
<nom>SIMON CONTRERAS, SANTIAGO GUSTAVO</nom>
<telefon>740 884 435</telefon>
</client>
<client codi="C00100">
<nom>PALACIOS, EUSEBIO</nom>
<telefon>721 738 021</telefon>
</client>
</clients>
<factures>
<factura numero="F000001">
<comprador codi="C00071"/>
<unitats codi="B5">5</unitats><unitats codi="N1">1</unitats><unitats codi="N2">2</unitats><unitats codi="N3">2</unitats><unitats codi="N5">1</unitats><unitats codi="R1">1</unitats><unitats codi="R5">5</unitats></factura>
<factura numero="F000002">
<comprador codi="C00077"/>
<unitats codi="B1">3</unitats><unitats codi="N1">1</unitats><unitats codi="N2">2</unitats><unitats codi="N5">3</unitats><unitats codi="R1">2</unitats></factura>
<factura numero="F000003">
<comprador codi="C00018"/>
<unitats codi="B3">2</unitats><unitats codi="N1">4</unitats><unitats codi="N3">5</unitats><unitats codi="R1">5</unitats><unitats codi="R5">2</unitats></factura>
<factura numero="F000004">
<comprador codi="C00057"/>
<unitats codi="B1">5</unitats><unitats codi="B2">1</unitats><unitats codi="B3">4</unitats><unitats codi="B5">4</unitats><unitats codi="N2">2</unitats><unitats codi="R1">3</unitats><unitats codi="R3">3</unitats></factura>
<factura numero="F000005">
<comprador codi="C00069"/>
<unitats codi="B1">4</unitats><unitats codi="B5">2</unitats><unitats codi="N1">2</unitats><unitats codi="R3">2</unitats></factura>
<factura numero="F000006">
<comprador codi="C00008"/>
<unitats codi="B1">1</unitats><unitats codi="B2">2</unitats><unitats codi="B5">3</unitats><unitats codi="N3">4</unitats><unitats codi="N5">3</unitats><unitats codi="R2">3</unitats><unitats codi="R3">4</unitats></factura>
<factura numero="F000007">
<comprador codi="C00054"/>
<unitats codi="B1">1</unitats><unitats codi="B2">4</unitats><unitats codi="B3">3</unitats><unitats codi="B5">5</unitats><unitats codi="R2">3</unitats></factura>
<factura numero="F000008">
<comprador codi="C00085"/>
<unitats codi="B2">3</unitats><unitats codi="B3">3</unitats><unitats codi="B5">1</unitats><unitats codi="N2">5</unitats><unitats codi="N5">2</unitats><unitats codi="R1">5</unitats><unitats codi="R2">3</unitats><unitats codi="R3">3</unitats></factura>
<factura numero="F000009">
<comprador codi="C00040"/>
<unitats codi="B5">1</unitats><unitats codi="N3">5</unitats><unitats codi="N5">2</unitats><unitats codi="R3">3</unitats></factura>
<factura numero="F000010">
<comprador codi="C00026"/>
<unitats codi="B3">3</unitats><unitats codi="N1">1</unitats><unitats codi="N2">5</unitats><unitats codi="N5">4</unitats><unitats codi="R3">3</unitats></factura>
<factura numero="F000011">
<comprador codi="C00075"/>
<unitats codi="B1">1</unitats><unitats codi="B3">2</unitats><unitats codi="B5">4</unitats><unitats codi="N1">3</unitats><unitats codi="N3">2</unitats><unitats codi="R2">5</unitats><unitats codi="R3">1</unitats></factura>
<factura numero="F000012">
<comprador codi="C00046"/>
<unitats codi="B3">1</unitats><unitats codi="B5">3</unitats><unitats codi="N1">2</unitats><unitats codi="N5">1</unitats><unitats codi="R2">5</unitats></factura>
<factura numero="F000013">
<comprador codi="C00002"/>
<unitats codi="B5">4</unitats><unitats codi="N2">4</unitats><unitats codi="N3">4</unitats><unitats codi="N5">2</unitats><unitats codi="R1">1</unitats><unitats codi="R2">5</unitats><unitats codi="R3">1</unitats><unitats codi="R5">3</unitats></factura>
<factura numero="F000014">
<comprador codi="C00026"/>
<unitats codi="B5">5</unitats><unitats codi="N5">4</unitats></factura>
<factura numero="F000015">
<comprador codi="C00009"/>
<unitats codi="B1">2</unitats><unitats codi="B2">2</unitats><unitats codi="B5">1</unitats><unitats codi="N2">4</unitats><unitats codi="N3">3</unitats><unitats codi="N5">3</unitats><unitats codi="R3">4</unitats></factura>
<factura numero="F000016">
<comprador codi="C00057"/>
<unitats codi="B2">1</unitats><unitats codi="B5">1</unitats><unitats codi="N1">1</unitats><unitats codi="N3">3</unitats><unitats codi="N5">2</unitats><unitats codi="R5">4</unitats></factura>
<factura numero="F000017">
<comprador codi="C00027"/>
<unitats codi="B1">4</unitats><unitats codi="B2">3</unitats><unitats codi="N1">5</unitats><unitats codi="R1">4</unitats><unitats codi="R2">1</unitats><unitats codi="R3">1</unitats><unitats codi="R5">3</unitats></factura>
<factura numero="F000018">
<comprador codi="C00081"/>
<unitats codi="B1">5</unitats><unitats codi="B2">1</unitats><unitats codi="B3">4</unitats><unitats codi="B5">5</unitats><unitats codi="N5">1</unitats><unitats codi="R5">4</unitats></factura>
<factura numero="F000019">
<comprador codi="C00090"/>
<unitats codi="B1">2</unitats><unitats codi="B3">1</unitats><unitats codi="B5">3</unitats><unitats codi="R1">5</unitats><unitats codi="R3">5</unitats><unitats codi="R5">5</unitats></factura>
<factura numero="F000020">
<comprador codi="C00060"/>
<unitats codi="B3">2</unitats><unitats codi="B5">5</unitats><unitats codi="N3">5</unitats><unitats codi="N5">4</unitats></factura>
<factura numero="F000021">
<comprador codi="C00016"/>
<unitats codi="B1">2</unitats><unitats codi="B2">3</unitats><unitats codi="N1">1</unitats><unitats codi="N3">4</unitats><unitats codi="R1">1</unitats><unitats codi="R2">5</unitats><unitats codi="R3">4</unitats></factura>
<factura numero="F000022">
<comprador codi="C00059"/>
<unitats codi="B1">2</unitats><unitats codi="R1">1</unitats><unitats codi="R2">1</unitats><unitats codi="R5">1</unitats></factura>
<factura numero="F000023">
<comprador codi="C00086"/>
<unitats codi="B1">2</unitats><unitats codi="B2">2</unitats><unitats codi="N1">2</unitats><unitats codi="N2">5</unitats><unitats codi="N3">1</unitats><unitats codi="N5">4</unitats><unitats codi="R3">5</unitats></factura>
<factura numero="F000024">
<comprador codi="C00031"/>
<unitats codi="B3">3</unitats><unitats codi="B5">1</unitats><unitats codi="N5">5</unitats></factura>
<factura numero="F000025">
<comprador codi="C00083"/>
<unitats codi="B2">3</unitats><unitats codi="B3">4</unitats><unitats codi="N2">2</unitats><unitats codi="N5">5</unitats><unitats codi="R5">5</unitats></factura>
<factura numero="F000026">
<comprador codi="C00043"/>
<unitats codi="B1">3</unitats><unitats codi="N3">1</unitats><unitats codi="N5">3</unitats><unitats codi="R5">3</unitats></factura>
<factura numero="F000027">
<comprador codi="C00044"/>
<unitats codi="B2">4</unitats><unitats codi="B3">1</unitats><unitats codi="N1">3</unitats><unitats codi="R2">2</unitats><unitats codi="R3">4</unitats></factura>
<factura numero="F000028">
<comprador codi="C00068"/>
<unitats codi="B5">3</unitats><unitats codi="N5">3</unitats><unitats codi="R5">4</unitats></factura>
<factura numero="F000029">
<comprador codi="C00084"/>
<unitats codi="N3">3</unitats><unitats codi="R2">3</unitats><unitats codi="R3">4</unitats></factura>
<factura numero="F000030">
<comprador codi="C00072"/>
<unitats codi="B1">5</unitats><unitats codi="B3">2</unitats><unitats codi="R1">1</unitats><unitats codi="R2">3</unitats><unitats codi="R3">3</unitats></factura>
<factura numero="F000031">
<comprador codi="C00071"/>
<unitats codi="B2">4</unitats><unitats codi="B5">4</unitats><unitats codi="N1">3</unitats><unitats codi="N2">5</unitats><unitats codi="R1">4</unitats><unitats codi="R3">2</unitats><unitats codi="R5">2</unitats></factura>
<factura numero="F000032">
<comprador codi="C00089"/>
<unitats codi="B1">2</unitats><unitats codi="B2">2</unitats><unitats codi="B3">1</unitats><unitats codi="R1">5</unitats><unitats codi="R2">1</unitats></factura>
<factura numero="F000033">
<comprador codi="C00057"/>
<unitats codi="B1">2</unitats><unitats codi="N2">3</unitats><unitats codi="N5">3</unitats><unitats codi="R3">5</unitats><unitats codi="R5">2</unitats></factura>
<factura numero="F000034">
<comprador codi="C00021"/>
<unitats codi="B3">4</unitats><unitats codi="R3">2</unitats><unitats codi="R5">3</unitats></factura>
<factura numero="F000035">
<comprador codi="C00031"/>
<unitats codi="B2">3</unitats><unitats codi="B5">3</unitats><unitats codi="N1">3</unitats><unitats codi="N3">1</unitats><unitats codi="N5">5</unitats><unitats codi="R2">2</unitats><unitats codi="R3">2</unitats></factura>
<factura numero="F000036">
<comprador codi="C00054"/>
<unitats codi="B1">4</unitats><unitats codi="B2">1</unitats><unitats codi="B3">1</unitats><unitats codi="B5">1</unitats><unitats codi="N1">1</unitats><unitats codi="N2">2</unitats><unitats codi="N3">1</unitats><unitats codi="R2">3</unitats><unitats codi="R3">4</unitats><unitats codi="R5">3</unitats></factura>
<factura numero="F000037">
<comprador codi="C00015"/>
<unitats codi="B1">4</unitats><unitats codi="B2">5</unitats><unitats codi="B5">1</unitats><unitats codi="N1">5</unitats><unitats codi="N2">2</unitats><unitats codi="N3">1</unitats><unitats codi="R5">3</unitats></factura>
<factura numero="F000038">
<comprador codi="C00096"/>
<unitats codi="B5">5</unitats><unitats codi="N3">4</unitats><unitats codi="R1">2</unitats><unitats codi="R2">2</unitats><unitats codi="R3">4</unitats></factura>
<factura numero="F000039">
<comprador codi="C00080"/>
<unitats codi="B2">1</unitats><unitats codi="B5">4</unitats><unitats codi="N3">3</unitats><unitats codi="N5">4</unitats><unitats codi="R2">2</unitats><unitats codi="R3">4</unitats></factura>
<factura numero="F000040">
<comprador codi="C00071"/>
<unitats codi="B1">1</unitats><unitats codi="B2">4</unitats><unitats codi="B5">2</unitats><unitats codi="N2">2</unitats><unitats codi="R1">3</unitats><unitats codi="R5">4</unitats></factura>
<factura numero="F000041">
<comprador codi="C00021"/>
<unitats codi="B2">5</unitats><unitats codi="B3">5</unitats><unitats codi="N1">1</unitats><unitats codi="N2">2</unitats><unitats codi="N5">4</unitats><unitats codi="R3">1</unitats><unitats codi="R5">2</unitats></factura>
<factura numero="F000042">
<comprador codi="C00015"/>
<unitats codi="B2">3</unitats><unitats codi="N1">4</unitats><unitats codi="R3">3</unitats></factura>
<factura numero="F000043">
<comprador codi="C00073"/>
<unitats codi="B1">3</unitats><unitats codi="B2">4</unitats><unitats codi="B3">2</unitats><unitats codi="N2">4</unitats><unitats codi="R1">4</unitats></factura>
<factura numero="F000044">
<comprador codi="C00078"/>
<unitats codi="B1">2</unitats><unitats codi="B2">1</unitats><unitats codi="B5">5</unitats><unitats codi="N2">2</unitats><unitats codi="N3">4</unitats><unitats codi="N5">2</unitats><unitats codi="R2">5</unitats><unitats codi="R3">1</unitats><unitats codi="R5">2</unitats></factura>
<factura numero="F000045">
<comprador codi="C00020"/>
<unitats codi="B1">1</unitats><unitats codi="B2">4</unitats><unitats codi="B5">5</unitats><unitats codi="N5">5</unitats><unitats codi="R1">5</unitats><unitats codi="R5">3</unitats></factura>
<factura numero="F000046">
<comprador codi="C00060"/>
<unitats codi="B1">3</unitats><unitats codi="B2">3</unitats><unitats codi="B3">4</unitats><unitats codi="N5">1</unitats><unitats codi="R1">2</unitats><unitats codi="R2">3</unitats><unitats codi="R3">1</unitats></factura>
<factura numero="F000047">
<comprador codi="C00079"/>
<unitats codi="B1">5</unitats><unitats codi="B3">3</unitats><unitats codi="B5">4</unitats><unitats codi="R2">5</unitats><unitats codi="R3">1</unitats><unitats codi="R5">1</unitats></factura>
<factura numero="F000048">
<comprador codi="C00045"/>
<unitats codi="B1">2</unitats><unitats codi="B3">4</unitats><unitats codi="N1">2</unitats><unitats codi="N2">4</unitats><unitats codi="N3">5</unitats><unitats codi="R1">2</unitats><unitats codi="R2">2</unitats><unitats codi="R3">4</unitats><unitats codi="R5">5</unitats></factura>
<factura numero="F000049">
<comprador codi="C00050"/>
<unitats codi="B3">5</unitats><unitats codi="N1">2</unitats><unitats codi="N3">1</unitats><unitats codi="N5">3</unitats><unitats codi="R2">2</unitats><unitats codi="R3">3</unitats><unitats codi="R5">2</unitats></factura>
<factura numero="F000050">
<comprador codi="C00056"/>
<unitats codi="B3">4</unitats><unitats codi="B5">1</unitats><unitats codi="N1">1</unitats><unitats codi="N2">1</unitats><unitats codi="N3">5</unitats><unitats codi="N5">1</unitats><unitats codi="R3">2</unitats><unitats codi="R5">3</unitats></factura>
<factura numero="F000051">
<comprador codi="C00029"/>
<unitats codi="B1">3</unitats><unitats codi="B3">5</unitats><unitats codi="B5">5</unitats><unitats codi="N2">5</unitats><unitats codi="N3">1</unitats><unitats codi="N5">1</unitats><unitats codi="R1">4</unitats><unitats codi="R3">4</unitats></factura>
<factura numero="F000052">
<comprador codi="C00008"/>
<unitats codi="B2">2</unitats><unitats codi="B3">5</unitats><unitats codi="B5">4</unitats><unitats codi="N1">2</unitats><unitats codi="N2">2</unitats><unitats codi="N3">1</unitats><unitats codi="N5">2</unitats><unitats codi="R1">2</unitats><unitats codi="R5">1</unitats></factura>
<factura numero="F000053">
<comprador codi="C00043"/>
<unitats codi="B1">2</unitats><unitats codi="B2">2</unitats><unitats codi="B3">1</unitats><unitats codi="N2">1</unitats><unitats codi="N5">5</unitats><unitats codi="R3">4</unitats></factura>
<factura numero="F000054">
<comprador codi="C00081"/>
<unitats codi="B2">3</unitats><unitats codi="N1">5</unitats><unitats codi="N2">2</unitats><unitats codi="N5">1</unitats><unitats codi="R1">4</unitats><unitats codi="R2">4</unitats><unitats codi="R3">3</unitats><unitats codi="R5">4</unitats></factura>
<factura numero="F000055">
<comprador codi="C00048"/>
<unitats codi="B1">1</unitats><unitats codi="B2">4</unitats><unitats codi="N1">4</unitats><unitats codi="N5">3</unitats><unitats codi="R2">1</unitats><unitats codi="R3">2</unitats></factura>
<factura numero="F000056">
<comprador codi="C00040"/>
<unitats codi="B1">4</unitats><unitats codi="B3">3</unitats><unitats codi="N2">2</unitats><unitats codi="N3">4</unitats><unitats codi="R1">1</unitats><unitats codi="R3">4</unitats></factura>
<factura numero="F000057">
<comprador codi="C00087"/>
<unitats codi="B1">5</unitats><unitats codi="B5">5</unitats><unitats codi="N1">1</unitats><unitats codi="N3">3</unitats><unitats codi="N5">2</unitats><unitats codi="R1">1</unitats><unitats codi="R2">3</unitats><unitats codi="R3">3</unitats><unitats codi="R5">2</unitats></factura>
<factura numero="F000058">
<comprador codi="C00057"/>
<unitats codi="B2">1</unitats><unitats codi="B5">4</unitats><unitats codi="N1">2</unitats><unitats codi="N2">3</unitats><unitats codi="R5">4</unitats></factura>
<factura numero="F000059">
<comprador codi="C00016"/>
<unitats codi="B1">1</unitats><unitats codi="B3">3</unitats><unitats codi="N3">5</unitats><unitats codi="N5">1</unitats><unitats codi="R3">1</unitats><unitats codi="R5">5</unitats></factura>
<factura numero="F000060">
<comprador codi="C00054"/>
<unitats codi="B1">1</unitats><unitats codi="B2">2</unitats><unitats codi="B3">1</unitats><unitats codi="N5">1</unitats><unitats codi="R2">4</unitats><unitats codi="R3">1</unitats></factura>
<factura numero="F000061">
<comprador codi="C00059"/>
<unitats codi="B1">1</unitats><unitats codi="B3">4</unitats><unitats codi="B5">1</unitats><unitats codi="N2">2</unitats><unitats codi="N3">3</unitats><unitats codi="R2">3</unitats><unitats codi="R3">3</unitats></factura>
<factura numero="F000062">
<comprador codi="C00061"/>
<unitats codi="B3">3</unitats><unitats codi="B5">4</unitats><unitats codi="N1">1</unitats><unitats codi="N2">5</unitats><unitats codi="N3">2</unitats><unitats codi="R3">3</unitats><unitats codi="R5">1</unitats></factura>
<factura numero="F000063">
<comprador codi="C00089"/>
<unitats codi="B1">3</unitats><unitats codi="B3">1</unitats><unitats codi="B5">1</unitats><unitats codi="R2">4</unitats><unitats codi="R5">2</unitats></factura>
<factura numero="F000064">
<comprador codi="C00066"/>
<unitats codi="B5">1</unitats><unitats codi="N3">5</unitats><unitats codi="R1">4</unitats></factura>
<factura numero="F000065">
<comprador codi="C00051"/>
<unitats codi="B1">3</unitats><unitats codi="B5">3</unitats><unitats codi="N5">4</unitats><unitats codi="R2">1</unitats></factura>
<factura numero="F000066">
<comprador codi="C00098"/>
<unitats codi="B1">2</unitats><unitats codi="B3">5</unitats><unitats codi="B5">4</unitats><unitats codi="N3">5</unitats><unitats codi="R1">5</unitats><unitats codi="R2">1</unitats><unitats codi="R3">3</unitats><unitats codi="R5">5</unitats></factura>
<factura numero="F000067">
<comprador codi="C00051"/>
<unitats codi="N2">2</unitats><unitats codi="N5">1</unitats><unitats codi="R1">1</unitats><unitats codi="R2">2</unitats><unitats codi="R5">4</unitats></factura>
<factura numero="F000068">
<comprador codi="C00026"/>
<unitats codi="B2">5</unitats><unitats codi="B3">2</unitats><unitats codi="N2">1</unitats><unitats codi="N5">1</unitats><unitats codi="R2">3</unitats><unitats codi="R3">1</unitats><unitats codi="R5">4</unitats></factura>
<factura numero="F000069">
<comprador codi="C00007"/>
<unitats codi="B2">1</unitats><unitats codi="B3">1</unitats><unitats codi="B5">4</unitats><unitats codi="N1">4</unitats><unitats codi="N2">5</unitats><unitats codi="N5">4</unitats><unitats codi="R1">4</unitats></factura>
<factura numero="F000070">
<comprador codi="C00089"/>
<unitats codi="B1">3</unitats><unitats codi="B2">3</unitats><unitats codi="B5">3</unitats><unitats codi="N2">2</unitats><unitats codi="N3">4</unitats><unitats codi="N5">1</unitats></factura>
<factura numero="F000071">
<comprador codi="C00032"/>
<unitats codi="B1">1</unitats><unitats codi="B2">1</unitats><unitats codi="B5">5</unitats><unitats codi="N1">2</unitats><unitats codi="N3">4</unitats></factura>
<factura numero="F000072">
<comprador codi="C00002"/>
<unitats codi="B1">2</unitats><unitats codi="B2">1</unitats><unitats codi="N1">3</unitats><unitats codi="N5">5</unitats></factura>
<factura numero="F000073">
<comprador codi="C00064"/>
<unitats codi="B3">3</unitats><unitats codi="N2">1</unitats><unitats codi="N5">1</unitats><unitats codi="R1">1</unitats></factura>
<factura numero="F000074">
<comprador codi="C00035"/>
<unitats codi="B2">1</unitats><unitats codi="N5">2</unitats><unitats codi="R1">1</unitats><unitats codi="R3">4</unitats></factura>
<factura numero="F000075">
<comprador codi="C00016"/>
<unitats codi="B2">1</unitats><unitats codi="N1">2</unitats><unitats codi="R2">5</unitats></factura>
<factura numero="F000076">
<comprador codi="C00059"/>
<unitats codi="B1">2</unitats><unitats codi="B5">5</unitats><unitats codi="N1">1</unitats><unitats codi="R1">4</unitats><unitats codi="R5">4</unitats></factura>
<factura numero="F000077">
<comprador codi="C00043"/>
<unitats codi="B1">1</unitats><unitats codi="B2">1</unitats><unitats codi="B3">2</unitats><unitats codi="N2">5</unitats><unitats codi="N3">3</unitats><unitats codi="R3">2</unitats><unitats codi="R5">4</unitats></factura>
<factura numero="F000078">
<comprador codi="C00085"/>
<unitats codi="B3">1</unitats><unitats codi="N1">5</unitats><unitats codi="N2">3</unitats><unitats codi="N3">3</unitats><unitats codi="R5">5</unitats></factura>
<factura numero="F000079">
<comprador codi="C00026"/>
<unitats codi="B3">2</unitats></factura>
<factura numero="F000080">
<comprador codi="C00056"/>
<unitats codi="B1">3</unitats><unitats codi="B2">5</unitats><unitats codi="N3">2</unitats><unitats codi="R3">2</unitats></factura>
<factura numero="F000081">
<comprador codi="C00087"/>
<unitats codi="B1">5</unitats><unitats codi="B5">3</unitats><unitats codi="N1">3</unitats><unitats codi="N3">4</unitats><unitats codi="N5">3</unitats><unitats codi="R1">3</unitats><unitats codi="R3">3</unitats></factura>
<factura numero="F000082">
<comprador codi="C00079"/>
<unitats codi="B5">4</unitats><unitats codi="N1">4</unitats><unitats codi="N2">1</unitats><unitats codi="N3">3</unitats><unitats codi="N5">3</unitats><unitats codi="R1">4</unitats><unitats codi="R2">2</unitats><unitats codi="R3">1</unitats><unitats codi="R5">1</unitats></factura>
<factura numero="F000083">
<comprador codi="C00041"/>
<unitats codi="B1">1</unitats><unitats codi="B2">2</unitats><unitats codi="B5">2</unitats><unitats codi="N1">5</unitats><unitats codi="N3">2</unitats><unitats codi="R1">5</unitats><unitats codi="R3">5</unitats></factura>
<factura numero="F000084">
<comprador codi="C00041"/>
<unitats codi="B3">2</unitats><unitats codi="B5">3</unitats><unitats codi="N1">2</unitats><unitats codi="N2">5</unitats><unitats codi="N3">3</unitats><unitats codi="R1">2</unitats><unitats codi="R2">4</unitats></factura>
<factura numero="F000085">
<comprador codi="C00025"/>
<unitats codi="B3">2</unitats><unitats codi="B5">1</unitats><unitats codi="N3">3</unitats><unitats codi="R1">4</unitats><unitats codi="R2">1</unitats></factura>
<factura numero="F000086">
<comprador codi="C00023"/>
<unitats codi="B1">5</unitats><unitats codi="B5">1</unitats><unitats codi="N3">5</unitats><unitats codi="R2">1</unitats><unitats codi="R3">1</unitats></factura>
<factura numero="F000087">
<comprador codi="C00070"/>
<unitats codi="B3">4</unitats><unitats codi="N3">5</unitats><unitats codi="R2">2</unitats><unitats codi="R3">5</unitats></factura>
<factura numero="F000088">
<comprador codi="C00057"/>
<unitats codi="B1">4</unitats><unitats codi="B3">3</unitats><unitats codi="N1">4</unitats><unitats codi="N2">2</unitats><unitats codi="R2">1</unitats></factura>
<factura numero="F000089">
<comprador codi="C00014"/>
<unitats codi="B3">1</unitats><unitats codi="N2">3</unitats><unitats codi="R2">2</unitats><unitats codi="R3">2</unitats><unitats codi="R5">4</unitats></factura>
<factura numero="F000090">
<comprador codi="C00085"/>
<unitats codi="B2">5</unitats><unitats codi="B3">1</unitats><unitats codi="N3">1</unitats><unitats codi="N5">1</unitats><unitats codi="R1">5</unitats><unitats codi="R2">1</unitats><unitats codi="R3">2</unitats></factura>
<factura numero="F000091">
<comprador codi="C00068"/>
<unitats codi="B2">2</unitats><unitats codi="B3">3</unitats><unitats codi="B5">4</unitats><unitats codi="N1">5</unitats><unitats codi="R2">2</unitats><unitats codi="R3">4</unitats></factura>
<factura numero="F000092">
<comprador codi="C00076"/>
<unitats codi="B5">3</unitats><unitats codi="N1">4</unitats><unitats codi="N2">4</unitats><unitats codi="R1">1</unitats><unitats codi="R3">3</unitats><unitats codi="R5">2</unitats></factura>
<factura numero="F000093">
<comprador codi="C00021"/>
<unitats codi="B1">2</unitats><unitats codi="B2">1</unitats><unitats codi="B3">2</unitats><unitats codi="B5">3</unitats><unitats codi="N2">4</unitats><unitats codi="N3">5</unitats><unitats codi="N5">5</unitats><unitats codi="R2">2</unitats><unitats codi="R3">5</unitats></factura>
<factura numero="F000094">
<comprador codi="C00053"/>
<unitats codi="B3">3</unitats><unitats codi="N3">4</unitats><unitats codi="N5">5</unitats><unitats codi="R3">3</unitats><unitats codi="R5">2</unitats></factura>
<factura numero="F000095">
<comprador codi="C00010"/>
<unitats codi="B2">1</unitats><unitats codi="N5">4</unitats><unitats codi="R2">4</unitats><unitats codi="R3">1</unitats><unitats codi="R5">4</unitats></factura>
<factura numero="F000096">
<comprador codi="C00040"/>
<unitats codi="B2">2</unitats><unitats codi="B5">5</unitats><unitats codi="N1">4</unitats><unitats codi="N3">5</unitats><unitats codi="R2">3</unitats><unitats codi="R5">4</unitats></factura>
<factura numero="F000097">
<comprador codi="C00009"/>
<unitats codi="B1">1</unitats><unitats codi="B2">1</unitats><unitats codi="N1">1</unitats><unitats codi="N2">1</unitats><unitats codi="N5">5</unitats><unitats codi="R1">4</unitats><unitats codi="R3">1</unitats></factura>
<factura numero="F000098">
<comprador codi="C00090"/>
<unitats codi="B1">3</unitats><unitats codi="N3">3</unitats><unitats codi="N5">2</unitats><unitats codi="R1">3</unitats><unitats codi="R2">4</unitats><unitats codi="R3">5</unitats><unitats codi="R5">1</unitats></factura>
<factura numero="F000099">
<comprador codi="C00085"/>
<unitats codi="B2">2</unitats><unitats codi="N1">4</unitats><unitats codi="N3">3</unitats><unitats codi="N5">2</unitats><unitats codi="R1">4</unitats><unitats codi="R2">4</unitats><unitats codi="R3">4</unitats></factura>
<factura numero="F000100">
<comprador codi="C00099"/>
<unitats codi="N1">3</unitats><unitats codi="N2">4</unitats><unitats codi="N3">4</unitats><unitats codi="N5">4</unitats><unitats codi="R5">1</unitats></factura>
</factures>
</celler>
